frame,value
0,42.680897
average,42.680897