frame,value
0,39.319817
average,39.319817