frame,value
0,0.628627
average,0.628627