frame,value
0,0.956153
average,0.956153