frame,value
0,0.991457
average,0.991457