frame,value
0,38.665649
average,38.665649